center_hz,width_hz,sample_pos,level_db,time_sec
2851562.5,2001953.0,84123648,-78.55097961425781,8.4123648
2905273.5,2382812.5,84131840,-64.8647689819336,8.413184
